ID,Fecha,Región,Categoría de producto,Unidades vendidas,Ingresos,% Devoluciones,Costo de envío,Tiempo de entrega (días)
1,2024-01-31,Norte,Electrodomésticos,122,29401.69,0.0,19.93,4
2,2024-01-31,Norte,Ropa,141,7788.62,0.0,21.92,5
3,2024-01-31,Norte,Juguetes,171,1916.577720361776,0.0,18.61,7
4,2024-01-31,Norte,Hogar,149,9346.66,0.0,9.0,4
5,2024-01-31,Norte,Electrónica,108,10201.3,0.05,5.21,3
6,2024-01-31,Sur,Electrodomésticos,34,4836.85,0.15,6.59,4
7,2024-01-31,Sur,Ropa,83,12064.98,0.1,17.65,4
8,2024-01-31,Sur,Juguetes,37,414.6981032361738,0.15,20.59,3
9,2024-01-31,Sur,Hogar,72,5541.06,0.0,17.72,5
10,2024-01-31,Sur,Electrónica,27,539.26,0.1,7.95,5
11,2024-01-31,Este,Electrodomésticos,21,2799.2,0.0,15.06,2
12,2024-01-31,Este,Ropa,165,38740.11,0.1,22.58,4
13,2024-01-31,Este,Juguetes,67,750.9398085628012,0.02,13.98,10
14,2024-01-31,Este,Hogar,101,16817.58,0.02,24.2,5
15,2024-01-31,Este,Electrónica,60,5755.16,0.0,2.36,4
16,2024-01-31,Oeste,Electrodomésticos,148,10008.88,0.0,20.76,7
17,2024-01-31,Oeste,Ropa,182,43525.47,0.05,23.3,7
18,2024-01-31,Oeste,Juguetes,47,526.7786716783829,0.05,9.61,4
19,2024-01-31,Oeste,Hogar,170,34673.87,0.05,15.6,5
20,2024-01-31,Oeste,Electrónica,54,7934.89,0.0,18.4,8
21,2024-02-29,Norte,Electrodomésticos,161,24665.32,0.02,11.83,2
22,2024-02-29,Norte,Ropa,198,3784.66,0.05,9.23,4
23,2024-02-29,Norte,Juguetes,170,1905.3696635175552,0.02,6.67,7
24,2024-02-29,Norte,Hogar,90,8462.51,0.0,23.38,6
25,2024-02-29,Norte,Electrónica,153,21786.44,0.0,11.58,6
26,2024-02-29,Sur,Electrodomésticos,147,35891.17,0.15,9.31,2
27,2024-02-29,Sur,Ropa,140,27696.22,0.0,10.11,3
28,2024-02-29,Sur,Juguetes,174,1950.2018908944387,0.0,4.76,3
29,2024-02-29,Sur,Hogar,78,8090.85,0.02,18.17,4
30,2024-02-29,Sur,Electrónica,71,5793.18,0.05,18.38,2
31,2024-02-29,Este,Electrodomésticos,100,8736.65,0.15,11.45,2
32,2024-02-29,Este,Ropa,148,11762.0,0.0,13.26,12
33,2024-02-29,Este,Juguetes,179,2006.2421751155434,0.0,10.5,3
34,2024-02-29,Este,Hogar,57,6649.46,0.05,16.57,4
35,2024-02-29,Este,Electrónica,163,41114.75,0.0,6.29,2
36,2024-02-29,Oeste,Electrodomésticos,167,17456.19,0.0,18.36,9
37,2024-02-29,Oeste,Ropa,167,32915.72,0.0,17.89,6
38,2024-02-29,Oeste,Juguetes,101,1132.013741266312,0.05,18.91,6
39,2024-02-29,Oeste,Hogar,178,47068.26,0.0,17.18,8
40,2024-02-29,Oeste,Electrónica,79,6765.6,0.15,24.2,7
41,2024-03-31,Norte,Electrodomésticos,179,34654.3,0.0,10.03,5
42,2024-03-31,Norte,Ropa,150,38750.11,0.02,22.42,6
43,2024-03-31,Norte,Juguetes,132,1479.4635034371604,0.1,15.95,2
44,2024-03-31,Norte,Hogar,118,34498.78,0.0,9.02,4
45,2024-03-31,Norte,Electrónica,182,36230.52,0.0,18.38,3
46,2024-03-31,Sur,Electrodomésticos,40,2474.34,0.15,19.12,5
47,2024-03-31,Sur,Ropa,147,25697.0,0.0,10.46,3
48,2024-03-31,Sur,Juguetes,177,1983.8260614271016,0.0,22.52,5
49,2024-03-31,Sur,Hogar,40,6230.59,0.02,13.33,3
50,2024-03-31,Sur,Electrónica,80,12381.29,0.02,19.68,2
51,2024-03-31,Este,Electrodomésticos,191,54002.0,0.15,23.04,4
52,2024-03-31,Este,Ropa,56,15635.89,0.02,24.23,10
53,2024-03-31,Este,Juguetes,135,1513.0876739698233,0.0,21.58,3
54,2024-03-31,Este,Hogar,147,17357.64,0.0,21.42,7
55,2024-03-31,Este,Electrónica,193,7368.97,0.05,24.77,2
56,2024-03-31,Oeste,Electrodomésticos,174,16640.36,0.0,21.52,4
57,2024-03-31,Oeste,Ropa,195,33211.97,0.0,11.65,6
58,2024-03-31,Oeste,Juguetes,171,1916.577720361776,0.02,13.53,8
59,2024-03-31,Oeste,Hogar,84,2568.12,0.0,3.17,8
60,2024-03-31,Oeste,Electrónica,162,19264.89,0.0,15.3,5
61,2024-04-30,Norte,Electrodomésticos,172,9453.48,0.15,21.3,6
62,2024-04-30,Norte,Ropa,68,1416.51,0.1,10.28,2
63,2024-04-30,Norte,Juguetes,27,302.61753479396464,0.0,16.33,2
64,2024-04-30,Norte,Hogar,128,8495.39,0.02,18.09,2
65,2024-04-30,Norte,Electrónica,163,47758.53,0.02,9.43,5
66,2024-04-30,Sur,Electrodomésticos,82,11129.12,0.15,7.77,3
67,2024-04-30,Sur,Ropa,81,20447.17,0.05,11.41,3
68,2024-04-30,Sur,Juguetes,20,224.16113688441826,0.0,4.16,3
69,2024-04-30,Sur,Hogar,136,26533.39,0.02,17.11,4
70,2024-04-30,Sur,Electrónica,112,14748.61,0.0,10.19,5
71,2024-04-30,Este,Electrodomésticos,48,2095.73,0.0,2.94,6
72,2024-04-30,Este,Ropa,163,6254.62,0.02,12.89,3
73,2024-04-30,Este,Juguetes,120,1344.9668213065095,0.05,16.61,2
74,2024-04-30,Este,Hogar,157,30065.4,0.02,21.7,5
75,2024-04-30,Este,Electrónica,23,4337.73,0.1,23.72,6
76,2024-04-30,Oeste,Electrodomésticos,179,50597.35,0.02,10.93,7
77,2024-04-30,Oeste,Ropa,180,44144.86,0.1,16.4,8
78,2024-04-30,Oeste,Juguetes,187,2095.9066298693106,0.0,3.6,4
79,2024-04-30,Oeste,Hogar,149,3173.6,0.05,9.74,7
80,2024-04-30,Oeste,Electrónica,112,28561.55,0.0,20.73,6
81,2024-05-31,Norte,Electrodomésticos,77,16328.14,0.05,22.18,5
82,2024-05-31,Norte,Ropa,40,11623.93,0.02,11.74,4
83,2024-05-31,Norte,Juguetes,196,2196.779141467299,0.0,7.75,4
84,2024-05-31,Norte,Hogar,170,47586.34,0.1,11.87,5
85,2024-05-31,Norte,Electrónica,118,4708.9,0.1,13.62,6
86,2024-05-31,Sur,Electrodomésticos,105,10112.99,0.15,3.23,10
87,2024-05-31,Sur,Ropa,166,6054.54,0.0,23.85,10
88,2024-05-31,Sur,Juguetes,102,1143.2217981105332,0.0,4.11,5
89,2024-05-31,Sur,Hogar,199,40801.04,0.05,20.21,5
90,2024-05-31,Sur,Electrónica,128,35836.09,0.15,24.91,2
91,2024-05-31,Este,Electrodomésticos,182,48673.03,0.0,4.69,2
92,2024-05-31,Este,Ropa,93,23502.92,0.1,21.29,4
93,2024-05-31,Este,Juguetes,187,2095.9066298693106,0.1,18.24,2
94,2024-05-31,Este,Hogar,184,14285.05,0.02,21.85,6
95,2024-05-31,Este,Electrónica,164,46691.14,0.15,19.33,4
96,2024-05-31,Oeste,Electrodomésticos,178,26643.65,0.0,18.22,6
97,2024-05-31,Oeste,Ropa,38,1605.4,0.02,2.26,7
98,2024-05-31,Oeste,Juguetes,77,863.0203770050102,0.05,20.92,7
99,2024-05-31,Oeste,Hogar,150,26876.54,0.15,10.62,6
100,2024-05-31,Oeste,Electrónica,75,12242.05,0.02,20.45,12
101,2024-06-30,Norte,Electrodomésticos,192,4323.14,0.1,14.14,12
102,2024-06-30,Norte,Ropa,183,31223.05,0.15,14.03,5
103,2024-06-30,Norte,Juguetes,33,369.8658758592901,0.15,18.03,4
104,2024-06-30,Norte,Hogar,31,8928.73,0.0,11.07,2
105,2024-06-30,Norte,Electrónica,136,12299.91,0.0,12.67,4
106,2024-06-30,Sur,Electrodomésticos,197,17163.03,0.15,7.98,4
107,2024-06-30,Sur,Ropa,164,14945.55,0.02,15.86,3
108,2024-06-30,Sur,Juguetes,160,1793.289095075346,0.1,23.85,5
109,2024-06-30,Sur,Hogar,66,18253.04,0.0,22.16,4
110,2024-06-30,Sur,Electrónica,24,423.51,0.0,20.64,12
111,2024-06-30,Este,Electrodomésticos,196,23373.84,0.05,11.04,6
112,2024-06-30,Este,Ropa,196,49610.6,0.02,11.54,3
113,2024-06-30,Este,Juguetes,74,829.3962064723476,0.1,24.99,12
114,2024-06-30,Este,Hogar,42,9786.27,0.1,21.54,3
115,2024-06-30,Este,Electrónica,97,6737.93,0.0,8.32,3
116,2024-06-30,Oeste,Electrodomésticos,132,30297.93,0.0,8.18,5
117,2024-06-30,Oeste,Ropa,181,26806.3,0.1,9.08,9
118,2024-06-30,Oeste,Juguetes,152,1703.6246403215787,0.05,15.57,7
119,2024-06-30,Oeste,Hogar,170,38928.27,0.05,18.19,5
120,2024-06-30,Oeste,Electrónica,185,34966.2,0.15,15.99,8
